frame	word	bit	dir	tile	tiletype	segbit
0x0000101E	56	9	O	LIOB18_X81Y133	LIOB18	30_041
0x00001020	55	16	O	LIOB18_X81Y133	LIOB18	32_016
0x00001021	56	29	O	LIOB18_X81Y133	LIOB18	33_061
0x00001026	55	12	O	LIOB18_X81Y133	LIOB18	38_012
0x00001026	56	0	O	LIOB18_X81Y133	LIOB18	38_032
0x00001026	56	2	O	LIOB18_X81Y133	LIOB18	38_034
0x0000259C	50	23	G	CLK_HROW_BOT_R_X192Y130	CLK_HROW_BOT_R	28_279
0x0000259C	50	24	G	CLK_HROW_BOT_R_X192Y130	CLK_HROW_BOT_R	28_280
0x0000259C	50	25	G	CLK_HROW_BOT_R_X192Y130	CLK_HROW_BOT_R	28_281
0x0000259D	50	23	G	CLK_HROW_BOT_R_X192Y130	CLK_HROW_BOT_R	29_279
0x0000259D	50	24	G	CLK_HROW_BOT_R_X192Y130	CLK_HROW_BOT_R	29_280
0x0002109B	50	21	O	HCLK_CMT_X88Y182	HCLK_CMT	27_181
0x0002259C	50	23	G	CLK_HROW_BOT_R_X192Y182	CLK_HROW_BOT_R	28_279
0x0002259C	50	24	G	CLK_HROW_BOT_R_X192Y182	CLK_HROW_BOT_R	28_280
0x0002259C	50	25	G	CLK_HROW_BOT_R_X192Y182	CLK_HROW_BOT_R	28_281
0x0002259D	50	23	G	CLK_HROW_BOT_R_X192Y182	CLK_HROW_BOT_R	29_279
0x0002259D	50	24	G	CLK_HROW_BOT_R_X192Y182	CLK_HROW_BOT_R	29_280
0x00023C1B	50	25	O	HCLK_CMT_L_X305Y182	HCLK_CMT_L	27_185
0x00063C9D	54	13	G	RIOB18_X312Y287	RIOB18	29_109
0x00063CA6	53	14	G	RIOB18_X312Y287	RIOB18	38_078
0x00063CA6	53	16	G	RIOB18_X312Y287	RIOB18	38_080
0x00063CA6	53	30	G	RIOB18_X312Y287	RIOB18	38_094
0x00063CA6	54	28	G	RIOB18_X312Y287	RIOB18	38_124
0x00063CA7	51	3	G	RIOB18_X312Y287	RIOB18	39_003
0x00063CA7	53	15	G	RIOB18_X312Y287	RIOB18	39_079
0x00063CA7	54	7	G	RIOB18_X312Y287	RIOB18	39_103
0x00063CA8	50	31	O	HCLK_IOI_X311Y286	HCLK_IOI	40_031
0x00063CA9	50	15	O	HCLK_IOI_X311Y286	HCLK_IOI	41_015
0x00063CA9	50	30	O	HCLK_IOI_X311Y286	HCLK_IOI	41_030
0x0040101C	55	18	G	LIOB18_X81Y81	LIOB18	28_018
0x0040101F	56	28	G	LIOB18_X81Y81	LIOB18	31_060
0x00401026	55	0	G	LIOB18_X81Y81	LIOB18	38_000
0x00401026	89	14	G	LIOB18_X81Y97	LIOB18	38_078
0x00401026	89	16	G	LIOB18_X81Y97	LIOB18	38_080
0x00401026	89	30	G	LIOB18_X81Y97	LIOB18	38_094
0x00401026	90	30	G	LIOB18_X81Y97	LIOB18	38_126
0x00401026	55	24	O	LIOB18_X81Y81	LIOB18	38_024
0x00401026	56	16	O	LIOB18_X81Y81	LIOB18	38_048
0x00401027	55	1	G	LIOB18_X81Y81	LIOB18	39_001
0x00401027	89	15	G	LIOB18_X81Y97	LIOB18	39_079
0x00401027	90	7	G	LIOB18_X81Y97	LIOB18	39_103
0x00401027	90	19	G	LIOB18_X81Y97	LIOB18	39_115
0x00401027	90	21	G	LIOB18_X81Y97	LIOB18	39_117
0x00401027	90	31	G	LIOB18_X81Y97	LIOB18	39_127
0x00401027	56	1	O	LIOB18_X81Y81	LIOB18	39_033
0x00401027	56	15	O	LIOB18_X81Y81	LIOB18	39_047
0x00401027	56	17	O	LIOB18_X81Y81	LIOB18	39_049
0x0040259C	50	23	G	CLK_HROW_BOT_R_X192Y78	CLK_HROW_BOT_R	28_279
0x0040259C	50	24	G	CLK_HROW_BOT_R_X192Y78	CLK_HROW_BOT_R	28_280
0x0040259C	50	25	G	CLK_HROW_BOT_R_X192Y78	CLK_HROW_BOT_R	28_281
0x0040259D	50	23	G	CLK_HROW_BOT_R_X192Y78	CLK_HROW_BOT_R	29_279
0x0040259D	50	24	G	CLK_HROW_BOT_R_X192Y78	CLK_HROW_BOT_R	29_280
0x0042101C	63	18	G	LIOB18_X81Y33	LIOB18	28_018
0x0042109A	50	21	O	HCLK_CMT_X88Y26	HCLK_CMT	26_181
0x0042109B	50	21	O	HCLK_CMT_X88Y26	HCLK_CMT	27_181
0x0042109B	50	25	O	HCLK_CMT_X88Y26	HCLK_CMT	27_185
0x0042109C	50	26	O	HCLK_CMT_X88Y26	HCLK_CMT	28_186
0x0042109D	50	26	O	HCLK_CMT_X88Y26	HCLK_CMT	29_186
0x00423C1A	49	24	G	HCLK_CMT_L_X305Y26	HCLK_CMT_L	26_152
0x00423C1A	49	27	G	HCLK_CMT_L_X305Y26	HCLK_CMT_L	26_155
0x00423C1B	49	17	G	HCLK_CMT_L_X305Y26	HCLK_CMT_L	27_145
0x00423C1B	49	20	G	HCLK_CMT_L_X305Y26	HCLK_CMT_L	27_148
0x00423C1C	49	24	G	HCLK_CMT_L_X305Y26	HCLK_CMT_L	28_152
0x00423C1C	49	26	G	HCLK_CMT_L_X305Y26	HCLK_CMT_L	28_154
0x00423C1C	50	23	G	HCLK_CMT_L_X305Y26	HCLK_CMT_L	28_183
0x00423C1D	50	21	G	HCLK_CMT_L_X305Y26	HCLK_CMT_L	29_181
0x00423C1D	50	22	G	HCLK_CMT_L_X305Y26	HCLK_CMT_L	29_182
0x00423F00	45	0	O	CLBLM_L_X126Y22	CLBLM_L	00_032
0x00423F00	45	4	O	CLBLM_L_X126Y22	CLBLM_L	00_036
0x00424880	27	0	O	CLBLM_R_X145Y13	CLBLM_R	00_032
0x00424881	27	3	O	CLBLM_R_X145Y13	CLBLM_R	01_035
0x00424901	27	3	O	CLBLL_L_X146Y13	CLBLL_L	01_035
0x00424A81	29	3	O	CLBLL_R_X149Y14	CLBLL_R	01_035
0x00424C9A	30	2	G	INT_R_X153Y15	INT_R	26_002
0x00424C9A	30	3	G	INT_R_X153Y15	INT_R	26_003
0x00424C9A	30	11	G	INT_R_X153Y15	INT_R	26_011
0x00424C9A	31	3	G	INT_R_X153Y15	INT_R	26_035
0x00424C9A	31	11	G	INT_R_X153Y15	INT_R	26_043
0x00424C9A	32	27	G	INT_R_X153Y16	INT_R	26_027
0x00424C9A	34	3	G	INT_R_X153Y17	INT_R	26_003
0x00424C9A	34	11	G	INT_R_X153Y17	INT_R	26_011
0x00424C9A	35	3	G	INT_R_X153Y17	INT_R	26_035
0x00424C9A	35	11	G	INT_R_X153Y17	INT_R	26_043
0x00424C9A	36	19	G	INT_R_X153Y18	INT_R	26_019
0x00424C9A	36	27	G	INT_R_X153Y18	INT_R	26_027
0x00424C9A	37	19	G	INT_R_X153Y18	INT_R	26_051
0x00424C9B	31	12	G	INT_R_X153Y15	INT_R	27_044
0x00424C9B	33	28	G	INT_R_X153Y16	INT_R	27_060
0x00424C9B	35	12	G	INT_R_X153Y17	INT_R	27_044
0x00424C9B	37	28	G	INT_R_X153Y18	INT_R	27_060
0x00424C9C	22	0	G	-	UNKNOWN	
0x00424C9C	22	1	G	-	UNKNOWN	
0x00424C9C	23	26	G	-	UNKNOWN	
0x00424C9C	23	30	G	-	UNKNOWN	
0x00424C9C	23	31	G	-	UNKNOWN	
0x00424C9C	24	12	G	-	UNKNOWN	
0x00424C9C	25	8	G	-	UNKNOWN	
0x00424C9C	25	13	G	-	UNKNOWN	
0x00424C9C	25	16	G	-	UNKNOWN	
0x00424C9C	25	17	G	-	UNKNOWN	
0x00424C9C	25	19	G	-	UNKNOWN	
0x00424C9C	25	24	G	-	UNKNOWN	
0x00424C9C	25	29	G	-	UNKNOWN	
0x00424C9C	26	9	G	-	UNKNOWN	
0x00424C9C	26	10	G	-	UNKNOWN	
0x00424C9C	26	12	G	-	UNKNOWN	
0x00424C9C	26	14	G	-	UNKNOWN	
0x00424C9C	26	17	G	-	UNKNOWN	
0x00424C9C	26	21	G	-	UNKNOWN	
0x00424C9C	26	22	G	-	UNKNOWN	
0x00424C9C	26	23	G	-	UNKNOWN	
0x00424C9C	26	25	G	-	UNKNOWN	
0x00424C9C	26	31	G	-	UNKNOWN	
0x00424C9C	27	1	G	-	UNKNOWN	
0x00424C9C	27	4	G	-	UNKNOWN	
0x00424C9C	27	14	G	-	UNKNOWN	
0x00424C9C	27	16	G	-	UNKNOWN	
0x00424C9C	27	17	G	-	UNKNOWN	
0x00424C9C	27	18	G	-	UNKNOWN	
0x00424C9C	27	19	G	-	UNKNOWN	
0x00424C9C	27	20	G	-	UNKNOWN	
0x00424C9C	28	1	G	-	UNKNOWN	
0x00424C9C	28	12	G	-	UNKNOWN	
0x00424C9C	28	16	G	-	UNKNOWN	
0x00424C9C	28	18	G	-	UNKNOWN	
0x00424C9C	28	21	G	-	UNKNOWN	
0x00424C9C	28	23	G	-	UNKNOWN	
0x00424C9C	28	26	G	-	UNKNOWN	
0x00424C9C	28	27	G	-	UNKNOWN	
0x00424C9C	29	7	G	-	UNKNOWN	
0x00424C9C	29	11	G	-	UNKNOWN	
0x00424C9C	29	12	G	-	UNKNOWN	
0x00424C9C	29	13	G	-	UNKNOWN	
0x00424C9C	30	3	G	-	UNKNOWN	
0x00424C9C	30	10	G	-	UNKNOWN	
0x00424C9C	30	11	G	-	UNKNOWN	
0x00424C9C	30	19	G	-	UNKNOWN	
0x00424C9C	30	25	G	-	UNKNOWN	
0x00424C9C	30	26	G	-	UNKNOWN	
0x00424C9C	30	27	G	-	UNKNOWN	
0x00424C9C	31	12	G	-	UNKNOWN	
0x00424C9C	31	13	G	-	UNKNOWN	
0x00424C9C	31	16	G	-	UNKNOWN	
0x00424C9C	31	20	G	-	UNKNOWN	
0x00424C9C	31	21	G	-	UNKNOWN	
0x00424C9C	31	22	G	-	UNKNOWN	
0x00424C9C	32	9	G	-	UNKNOWN	
0x00424C9C	32	12	G	-	UNKNOWN	
0x00424C9C	32	18	G	-	UNKNOWN	
0x00424C9C	32	19	G	-	UNKNOWN	
0x00424C9C	32	26	G	-	UNKNOWN	
0x00424C9C	32	27	G	-	UNKNOWN	
0x00424C9C	37	12	G	-	UNKNOWN	
0x00424C9C	37	15	G	-	UNKNOWN	
0x00424C9C	37	16	G	-	UNKNOWN	
0x00424C9C	37	17	G	-	UNKNOWN	
0x00424C9C	37	18	G	-	UNKNOWN	
0x00424C9C	37	19	G	-	UNKNOWN	
0x00424C9C	37	24	G	-	UNKNOWN	
0x00424C9C	38	1	G	-	UNKNOWN	
0x00424C9C	38	2	G	-	UNKNOWN	
0x00424C9C	38	3	G	-	UNKNOWN	
0x00424C9C	38	4	G	-	UNKNOWN	
0x00424C9C	38	8	G	-	UNKNOWN	
0x00424C9C	38	9	G	-	UNKNOWN	
0x00424C9C	38	11	G	-	UNKNOWN	
0x00424C9C	38	12	G	-	UNKNOWN	
0x00424C9C	38	15	G	-	UNKNOWN	
0x00424C9C	39	4	G	-	UNKNOWN	
0x00424C9C	39	5	G	-	UNKNOWN	
0x00424C9C	39	6	G	-	UNKNOWN	
0x00424C9C	39	14	G	-	UNKNOWN	
0x00424C9C	40	4	G	-	UNKNOWN	
0x00424C9C	40	5	G	-	UNKNOWN	
0x00424C9C	40	6	G	-	UNKNOWN	
0x00424C9C	40	14	G	-	UNKNOWN	
0x00424C9C	41	6	G	-	UNKNOWN	
0x00424C9C	41	7	G	-	UNKNOWN	
0x00424C9C	42	6	G	-	UNKNOWN	
0x00424C9C	42	7	G	-	UNKNOWN	
0x00424C9C	42	14	G	-	UNKNOWN	
0x00424C9C	42	15	G	-	UNKNOWN	
0x00424C9C	42	22	G	-	UNKNOWN	
0x00424C9C	42	23	G	-	UNKNOWN	
0x00424C9C	42	30	G	-	UNKNOWN	
0x00424C9C	43	8	G	-	UNKNOWN	
0x00424C9C	43	9	G	-	UNKNOWN	
0x00424C9C	43	10	G	-	UNKNOWN	
0x00424C9D	22	1	G	-	UNKNOWN	
0x00424C9D	23	25	G	-	UNKNOWN	
0x00424C9D	25	10	G	-	UNKNOWN	
0x00424C9D	25	15	G	-	UNKNOWN	
0x00424C9D	25	16	G	-	UNKNOWN	
0x00424C9D	25	19	G	-	UNKNOWN	
0x00424C9D	25	21	G	-	UNKNOWN	
0x00424C9D	25	26	G	-	UNKNOWN	
0x00424C9D	26	10	G	-	UNKNOWN	
0x00424C9D	26	13	G	-	UNKNOWN	
0x00424C9D	26	16	G	-	UNKNOWN	
0x00424C9D	26	20	G	-	UNKNOWN	
0x00424C9D	26	21	G	-	UNKNOWN	
0x00424C9D	26	26	G	-	UNKNOWN	
0x00424C9D	26	29	G	-	UNKNOWN	
0x00424C9D	27	1	G	-	UNKNOWN	
0x00424C9D	27	9	G	-	UNKNOWN	
0x00424C9D	27	19	G	-	UNKNOWN	
0x00424C9D	28	0	G	-	UNKNOWN	
0x00424C9D	28	1	G	-	UNKNOWN	
0x00424C9D	28	11	G	-	UNKNOWN	
0x00424C9D	28	13	G	-	UNKNOWN	
0x00424C9D	28	17	G	-	UNKNOWN	
0x00424C9D	28	22	G	-	UNKNOWN	
0x00424C9D	28	25	G	-	UNKNOWN	
0x00424C9D	28	26	G	-	UNKNOWN	
0x00424C9D	29	7	G	-	UNKNOWN	
0x00424C9D	29	8	G	-	UNKNOWN	
0x00424C9D	29	9	G	-	UNKNOWN	
0x00424C9D	29	10	G	-	UNKNOWN	
0x00424C9D	29	11	G	-	UNKNOWN	
0x00424C9D	29	12	G	-	UNKNOWN	
0x00424C9D	29	13	G	-	UNKNOWN	
0x00424C9D	29	16	G	-	UNKNOWN	
0x00424C9D	30	10	G	-	UNKNOWN	
0x00424C9D	30	11	G	-	UNKNOWN	
0x00424C9D	30	18	G	-	UNKNOWN	
0x00424C9D	30	19	G	-	UNKNOWN	
0x00424C9D	30	24	G	-	UNKNOWN	
0x00424C9D	30	25	G	-	UNKNOWN	
0x00424C9D	30	26	G	-	UNKNOWN	
0x00424C9D	30	27	G	-	UNKNOWN	
0x00424C9D	31	3	G	-	UNKNOWN	
0x00424C9D	31	12	G	-	UNKNOWN	
0x00424C9D	31	13	G	-	UNKNOWN	
0x00424C9D	31	15	G	-	UNKNOWN	
0x00424C9D	31	16	G	-	UNKNOWN	
0x00424C9D	31	20	G	-	UNKNOWN	
0x00424C9D	31	21	G	-	UNKNOWN	
0x00424C9D	31	22	G	-	UNKNOWN	
0x00424C9D	32	13	G	-	UNKNOWN	
0x00424C9D	32	18	G	-	UNKNOWN	
0x00424C9D	32	19	G	-	UNKNOWN	
0x00424C9D	32	26	G	-	UNKNOWN	
0x00424C9D	32	27	G	-	UNKNOWN	
0x00424C9D	37	14	G	-	UNKNOWN	
0x00424C9D	37	15	G	-	UNKNOWN	
0x00424C9D	37	16	G	-	UNKNOWN	
0x00424C9D	37	17	G	-	UNKNOWN	
0x00424C9D	37	18	G	-	UNKNOWN	
0x00424C9D	37	24	G	-	UNKNOWN	
0x00424C9D	37	27	G	-	UNKNOWN	
0x00424C9D	37	28	G	-	UNKNOWN	
0x00424C9D	38	1	G	-	UNKNOWN	
0x00424C9D	38	2	G	-	UNKNOWN	
0x00424C9D	38	8	G	-	UNKNOWN	
0x00424C9D	38	10	G	-	UNKNOWN	
0x00424C9D	38	11	G	-	UNKNOWN	
0x00424C9D	38	13	G	-	UNKNOWN	
0x00424C9D	39	5	G	-	UNKNOWN	
0x00424C9D	39	6	G	-	UNKNOWN	
0x00424C9D	39	15	G	-	UNKNOWN	
0x00424C9D	39	23	G	-	UNKNOWN	
0x00424C9D	40	5	G	-	UNKNOWN	
0x00424C9D	40	6	G	-	UNKNOWN	
0x00424C9D	41	6	G	-	UNKNOWN	
0x00424C9D	41	7	G	-	UNKNOWN	
0x00424C9D	42	6	G	-	UNKNOWN	
0x00424C9D	42	7	G	-	UNKNOWN	
0x00424C9D	42	14	G	-	UNKNOWN	
0x00424C9D	42	15	G	-	UNKNOWN	
0x00424C9D	42	21	G	-	UNKNOWN	
0x00424C9D	42	22	G	-	UNKNOWN	
0x00424C9D	42	23	G	-	UNKNOWN	
0x00424C9D	43	8	G	-	UNKNOWN	
0x00424C9D	43	9	G	-	UNKNOWN	
0x00424C9E	22	6	G	-	UNKNOWN	
0x00424C9E	22	25	G	-	UNKNOWN	
0x00424C9E	22	26	G	-	UNKNOWN	
0x00424C9E	23	5	G	-	UNKNOWN	
0x00424C9E	23	6	G	-	UNKNOWN	
0x00424C9E	23	7	G	-	UNKNOWN	
0x00424C9E	23	8	G	-	UNKNOWN	
0x00424C9E	23	9	G	-	UNKNOWN	
0x00424C9E	23	13	G	-	UNKNOWN	
0x00424C9E	23	14	G	-	UNKNOWN	
0x00424C9E	23	22	G	-	UNKNOWN	
0x00424C9E	23	27	G	-	UNKNOWN	
0x00424C9E	23	28	G	-	UNKNOWN	
0x00424C9E	24	7	G	-	UNKNOWN	
0x00424C9E	24	16	G	-	UNKNOWN	
0x00424C9E	24	17	G	-	UNKNOWN	
0x00424C9E	24	18	G	-	UNKNOWN	
0x00424C9E	25	4	G	-	UNKNOWN	
0x00424C9E	25	5	G	-	UNKNOWN	
0x00424C9E	25	17	G	-	UNKNOWN	
0x00424C9E	26	0	G	-	UNKNOWN	
0x00424C9E	26	1	G	-	UNKNOWN	
0x00424C9E	26	10	G	-	UNKNOWN	
0x00424C9E	26	17	G	-	UNKNOWN	
0x00424C9E	26	24	G	-	UNKNOWN	
0x00424C9E	29	1	G	-	UNKNOWN	
0x00424C9E	29	6	G	-	UNKNOWN	
0x00424C9E	29	7	G	-	UNKNOWN	
0x00424C9E	29	9	G	-	UNKNOWN	
0x00424C9E	29	11	G	-	UNKNOWN	
0x00424C9E	29	12	G	-	UNKNOWN	
0x00424C9E	29	15	G	-	UNKNOWN	
0x00424C9E	29	16	G	-	UNKNOWN	
0x00424C9E	29	17	G	-	UNKNOWN	
0x00424C9E	29	19	G	-	UNKNOWN	
0x00424C9E	29	23	G	-	UNKNOWN	
0x00424C9E	29	27	G	-	UNKNOWN	
0x00424C9E	29	29	G	-	UNKNOWN	
0x00424C9E	29	31	G	-	UNKNOWN	
0x00424C9E	30	1	G	-	UNKNOWN	
0x00424C9E	30	3	G	-	UNKNOWN	
0x00424C9E	30	7	G	-	UNKNOWN	
0x00424C9E	30	11	G	-	UNKNOWN	
0x00424C9E	30	15	G	-	UNKNOWN	
0x00424C9E	31	5	G	-	UNKNOWN	
0x00424C9E	31	10	G	-	UNKNOWN	
0x00424C9E	31	14	G	-	UNKNOWN	
0x00424C9E	31	25	G	-	UNKNOWN	
0x00424C9E	32	18	G	-	UNKNOWN	
0x00424C9E	32	19	G	-	UNKNOWN	
0x00424C9E	35	2	G	-	UNKNOWN	
0x00424C9E	38	13	G	-	UNKNOWN	
0x00424C9E	38	16	G	-	UNKNOWN	
0x00424C9E	39	4	G	-	UNKNOWN	
0x00424C9E	39	5	G	-	UNKNOWN	
0x00424C9E	39	6	G	-	UNKNOWN	
0x00424C9E	39	8	G	-	UNKNOWN	
0x00424C9E	39	10	G	-	UNKNOWN	
0x00424C9E	39	26	G	-	UNKNOWN	
0x00424C9E	40	2	G	-	UNKNOWN	
0x00424C9E	40	31	G	-	UNKNOWN	
0x00424C9E	41	24	G	-	UNKNOWN	
0x00424C9E	41	25	G	-	UNKNOWN	
0x00424C9E	41	26	G	-	UNKNOWN	
0x00424C9E	42	10	G	-	UNKNOWN	
0x00424C9E	42	14	G	-	UNKNOWN	
0x00424C9E	42	16	G	-	UNKNOWN	
0x00424C9E	42	17	G	-	UNKNOWN	
0x00424C9E	42	18	G	-	UNKNOWN	
0x00424C9E	42	19	G	-	UNKNOWN	
0x00424C9E	42	20	G	-	UNKNOWN	
0x00424C9E	43	0	G	-	UNKNOWN	
0x00424C9E	44	1	G	-	UNKNOWN	
0x00424C9E	44	12	G	-	UNKNOWN	
0x00424C9E	44	14	G	-	UNKNOWN	
0x00424C9E	44	15	G	-	UNKNOWN	
0x00424C9E	44	16	G	-	UNKNOWN	
0x00424C9E	44	19	G	-	UNKNOWN	
0x00424C9E	44	20	G	-	UNKNOWN	
0x00424C9E	44	27	G	-	UNKNOWN	
0x00424C9E	45	3	G	-	UNKNOWN	
0x00424C9E	45	4	G	-	UNKNOWN	
0x00424C9E	45	8	G	-	UNKNOWN	
0x00424C9E	45	9	G	-	UNKNOWN	
0x00424C9E	45	10	G	-	UNKNOWN	
0x00424C9E	45	15	G	-	UNKNOWN	
0x00424C9E	45	27	G	-	UNKNOWN	
0x00424C9E	46	10	G	-	UNKNOWN	
0x00424C9E	46	11	G	-	UNKNOWN	
0x00424C9E	46	12	G	-	UNKNOWN	
0x00424C9E	47	22	G	-	UNKNOWN	
0x00424C9E	48	5	G	-	UNKNOWN	
0x00424C9F	22	9	G	-	UNKNOWN	
0x00424C9F	22	24	G	-	UNKNOWN	
0x00424C9F	22	25	G	-	UNKNOWN	
0x00424C9F	23	5	G	-	UNKNOWN	
0x00424C9F	23	7	G	-	UNKNOWN	
0x00424C9F	23	8	G	-	UNKNOWN	
0x00424C9F	23	13	G	-	UNKNOWN	
0x00424C9F	23	14	G	-	UNKNOWN	
0x00424C9F	23	15	G	-	UNKNOWN	
0x00424C9F	23	16	G	-	UNKNOWN	
0x00424C9F	23	19	G	-	UNKNOWN	
0x00424C9F	23	25	G	-	UNKNOWN	
0x00424C9F	23	26	G	-	UNKNOWN	
0x00424C9F	23	27	G	-	UNKNOWN	
0x00424C9F	24	2	G	-	UNKNOWN	
0x00424C9F	24	9	G	-	UNKNOWN	
0x00424C9F	24	16	G	-	UNKNOWN	
0x00424C9F	24	17	G	-	UNKNOWN	
0x00424C9F	25	3	G	-	UNKNOWN	
0x00424C9F	25	4	G	-	UNKNOWN	
0x00424C9F	26	0	G	-	UNKNOWN	
0x00424C9F	26	24	G	-	UNKNOWN	
0x00424C9F	29	1	G	-	UNKNOWN	
0x00424C9F	29	8	G	-	UNKNOWN	
0x00424C9F	29	9	G	-	UNKNOWN	
0x00424C9F	29	13	G	-	UNKNOWN	
0x00424C9F	29	20	G	-	UNKNOWN	
0x00424C9F	29	28	G	-	UNKNOWN	
0x00424C9F	30	4	G	-	UNKNOWN	
0x00424C9F	31	8	G	-	UNKNOWN	
0x00424C9F	31	10	G	-	UNKNOWN	
0x00424C9F	31	13	G	-	UNKNOWN	
0x00424C9F	31	29	G	-	UNKNOWN	
0x00424C9F	31	30	G	-	UNKNOWN	
0x00424C9F	32	22	G	-	UNKNOWN	
0x00424C9F	32	28	G	-	UNKNOWN	
0x00424C9F	33	20	G	-	UNKNOWN	
0x00424C9F	33	21	G	-	UNKNOWN	
0x00424C9F	34	0	G	-	UNKNOWN	
0x00424C9F	34	2	G	-	UNKNOWN	
0x00424C9F	35	2	G	-	UNKNOWN	
0x00424C9F	38	11	G	-	UNKNOWN	
0x00424C9F	38	15	G	-	UNKNOWN	
0x00424C9F	39	1	G	-	UNKNOWN	
0x00424C9F	39	5	G	-	UNKNOWN	
0x00424C9F	39	6	G	-	UNKNOWN	
0x00424C9F	39	8	G	-	UNKNOWN	
0x00424C9F	39	10	G	-	UNKNOWN	
0x00424C9F	39	11	G	-	UNKNOWN	
0x00424C9F	39	15	G	-	UNKNOWN	
0x00424C9F	39	26	G	-	UNKNOWN	
0x00424C9F	40	2	G	-	UNKNOWN	
0x00424C9F	40	26	G	-	UNKNOWN	
0x00424C9F	41	1	G	-	UNKNOWN	
0x00424C9F	42	2	G	-	UNKNOWN	
0x00424C9F	42	16	G	-	UNKNOWN	
0x00424C9F	42	17	G	-	UNKNOWN	
0x00424C9F	42	18	G	-	UNKNOWN	
0x00424C9F	42	19	G	-	UNKNOWN	
0x00424C9F	42	20	G	-	UNKNOWN	
0x00424C9F	42	22	G	-	UNKNOWN	
0x00424C9F	43	0	G	-	UNKNOWN	
0x00424C9F	44	0	G	-	UNKNOWN	
0x00424C9F	44	13	G	-	UNKNOWN	
0x00424C9F	44	14	G	-	UNKNOWN	
0x00424C9F	44	19	G	-	UNKNOWN	
0x00424C9F	44	25	G	-	UNKNOWN	
0x00424C9F	44	26	G	-	UNKNOWN	
0x00424C9F	44	31	G	-	UNKNOWN	
0x00424C9F	45	1	G	-	UNKNOWN	
0x00424C9F	45	2	G	-	UNKNOWN	
0x00424C9F	45	3	G	-	UNKNOWN	
0x00424C9F	45	6	G	-	UNKNOWN	
0x00424C9F	45	8	G	-	UNKNOWN	
0x00424C9F	45	9	G	-	UNKNOWN	
0x00424C9F	45	18	G	-	UNKNOWN	
0x00424C9F	46	11	G	-	UNKNOWN	
0x00424C9F	47	3	G	-	UNKNOWN	
0x00424C9F	49	31	G	-	UNKNOWN	
